profession,Student,
,,
income,platform,(empty)
10075,Facebook,
10122,YouTube,
10148,Instagram,
10175,Instagram,
10212,Instagram,
10233,Instagram,
10294,Instagram,
10368,Instagram,
10495,YouTube,
10524,Facebook,
10541,YouTube,
10546,Instagram,
10555,YouTube,
10564,Facebook,
10595,Instagram,
10604,Instagram,
10618,Instagram,
10677,YouTube,
10681,Facebook,
10701,Instagram,
10748,Instagram,
10752,Facebook,
10754,YouTube,
10767,Instagram,
10808,Instagram,
10870,Instagram,
10920,Facebook,
10940,Instagram,
10947,YouTube,
10964,Instagram,
11040,Facebook,
11098,Instagram,
11132,Instagram,
11164,Instagram,
11238,YouTube,
11316,Facebook,
11356,Facebook,
11387,Facebook,
11392,YouTube,
11400,Instagram,
11469,Instagram,
11507,YouTube,
11541,Instagram,
11560,Facebook,
11603,Instagram,
11620,YouTube,
11645,Instagram,
11667,YouTube,
11779,YouTube,
11781,Instagram,
11823,Facebook,
11824,YouTube,
11840,Facebook,
11888,Instagram,
11906,YouTube,
12013,Instagram,
12017,Facebook,
12073,Facebook,
,YouTube,
12076,YouTube,
12096,Facebook,
12105,YouTube,
12147,YouTube,
12149,Instagram,
12226,Facebook,
12413,YouTube,
12418,Instagram,
12500,Instagram,
12513,YouTube,
12642,Facebook,
12773,Facebook,
12786,Instagram,
12860,Instagram,
12869,Facebook,
12892,YouTube,
12907,Facebook,
12914,Facebook,
12976,Facebook,
12983,Facebook,
12989,Facebook,
13078,Instagram,
13083,Instagram,
13095,Instagram,
13170,YouTube,
13281,Facebook,
13306,Facebook,
13308,Instagram,
13329,Facebook,
13435,Instagram,
13457,YouTube,
13551,Facebook,
13554,Instagram,
13618,YouTube,
13675,YouTube,
13690,Facebook,
13697,YouTube,
13718,Instagram,
13771,YouTube,
13782,Facebook,
13815,Facebook,
13845,Instagram,
13867,YouTube,
13885,Instagram,
13895,Instagram,
13935,Instagram,
13936,Instagram,
13949,Facebook,
13959,Facebook,
13981,YouTube,
14055,Instagram,
14071,Instagram,
14133,YouTube,
14141,YouTube,
14179,Instagram,
14235,YouTube,
14259,YouTube,
14284,YouTube,
14317,Instagram,
14326,Facebook,
14335,YouTube,
14362,YouTube,
14381,Facebook,
14423,Instagram,
14466,Instagram,
14491,Facebook,
14532,Instagram,
14541,Facebook,
14550,Instagram,
14597,YouTube,
14651,Instagram,
14655,Instagram,
14727,YouTube,
14732,Instagram,
14749,Facebook,
14760,Instagram,
14763,YouTube,
14868,Instagram,
14917,YouTube,
14939,YouTube,
14958,Facebook,
14975,Instagram,
15009,Instagram,
15057,Facebook,
15072,YouTube,
15073,Facebook,
15114,YouTube,
15127,Instagram,
15141,YouTube,
15193,Facebook,
15231,Instagram,
15246,Instagram,
15316,Facebook,
15322,Facebook,
15324,Facebook,
15362,Instagram,
15424,Facebook,
15442,Facebook,
15519,Instagram,
15538,Instagram,
15544,Facebook,
15560,Instagram,
15577,Instagram,
15599,Facebook,
15643,Facebook,
15682,YouTube,
15738,YouTube,
15785,YouTube,
15795,YouTube,
15839,Instagram,
15917,Instagram,
15972,Instagram,
15988,Facebook,
,Instagram,
16014,Facebook,
16033,Facebook,
16207,YouTube,
16269,Instagram,
16284,YouTube,
16297,YouTube,
16363,YouTube,
16370,YouTube,
16400,YouTube,
16404,Instagram,
16416,Facebook,
16533,YouTube,
16546,Facebook,
16566,YouTube,
16571,Instagram,
16598,Facebook,
16697,Instagram,
16732,Facebook,
16789,YouTube,
16792,Facebook,
16794,Instagram,
16799,YouTube,
16830,Facebook,
16852,Facebook,
16854,Facebook,
16860,Facebook,
16875,Facebook,
16881,YouTube,
16986,Instagram,
17027,Facebook,
17064,Facebook,
17131,Facebook,
17135,YouTube,
17141,YouTube,
17226,Facebook,
17259,Facebook,
17271,Facebook,
17314,Facebook,
17373,Instagram,
17396,YouTube,
17420,Instagram,
17422,Facebook,
17447,YouTube,
17450,Facebook,
17460,Facebook,
17478,Instagram,
17482,Facebook,
17503,Instagram,
17529,Instagram,
17532,Instagram,
17595,YouTube,
17610,Instagram,
17690,Instagram,
17710,YouTube,
17727,Facebook,
17734,YouTube,
17743,YouTube,
17766,YouTube,
17823,YouTube,
17830,YouTube,
17860,YouTube,
17925,Instagram,
17926,YouTube,
17938,Facebook,
17957,YouTube,
17961,Facebook,
17964,Facebook,
18074,YouTube,
18089,YouTube,
18106,YouTube,
18118,Instagram,
18146,Facebook,
18175,Instagram,
18222,YouTube,
18314,Facebook,
18328,Facebook,
18399,YouTube,
18420,Instagram,
18434,YouTube,
18475,YouTube,
18488,Instagram,
18526,YouTube,
18539,YouTube,
18558,Facebook,
18563,Instagram,
18598,Instagram,
18636,Facebook,
18677,Facebook,
18712,YouTube,
18742,Facebook,
18772,Instagram,
18808,Facebook,
18828,YouTube,
18864,YouTube,
18867,YouTube,
18989,YouTube,
19019,Instagram,
19063,Instagram,
19107,Facebook,
19118,Facebook,
19126,YouTube,
19137,Instagram,
19139,Facebook,
19190,Instagram,
19196,YouTube,
19230,Facebook,
19256,Instagram,
19314,YouTube,
19316,Facebook,
19351,Instagram,
19410,Facebook,
19472,Facebook,
19490,YouTube,
19493,Facebook,
,YouTube,
19497,Facebook,
19546,Instagram,
19589,Instagram,
19608,Facebook,
19663,Facebook,
19697,YouTube,
19699,Facebook,
19718,Instagram,
19746,Instagram,
19799,Instagram,
19828,YouTube,
19867,YouTube,
19903,Instagram,
19918,Facebook,
19930,YouTube,
19952,YouTube,
19957,Facebook,
Total Result,,
